"","link_of_list5"
"1","https://imdb.com/title/tt2802850/?ref_=chttvm_t_1"
"2","https://imdb.com/title/tt17220216/?ref_=chttvm_t_2"
"3","https://imdb.com/title/tt4786824/?ref_=chttvm_t_3"
"4","https://imdb.com/title/tt6741278/?ref_=chttvm_t_4"
"5","https://imdb.com/title/tt15320362/?ref_=chttvm_t_5"
"6","https://imdb.com/title/tt16969708/?ref_=chttvm_t_6"
"7","https://imdb.com/title/tt15227418/?ref_=chttvm_t_7"
"8","https://imdb.com/title/tt9140554/?ref_=chttvm_t_8"
"9","https://imdb.com/title/tt2861424/?ref_=chttvm_t_9"
"10","https://imdb.com/title/tt2560140/?ref_=chttvm_t_10"
